query,precision,recall,f1,MAP,MRR
intelligence artificielle,0.2,0.6666666666666666,0.30769230769230765,0.42857142857142855,1.0
réchauffement climatique,0.25,1.0,0.4,1.0,1.0
blockchain,0.0,0.0,0.0,0.0,0.0
apprentissage profond,0.2,1.0,0.33333333333333337,1.0,1.0
cybersécurité,0.2,1.0,0.33333333333333337,1.0,1.0
MOYENNE,0.17,0.7333333333333333,0.27487179487179486,0.6857142857142857,0.8
